No,회사,제목,지역,상세보기 페이지
1,원주보금자리요양원,간호사(간호조무사),강원 원주시,https://job.incruit.com/jobdb_info/jobpost.asp?job=2604270001650&src=etc*search
2,더사랑 데이케어센터,"간호사,간호조무사",경기 시흥시,https://job.incruit.com/jobdb_info/jobpost.asp?job=2605040002066&src=etc*search
3,좋은의사들속시원내과의원,간호사 (간호조무사) 채용,경북 포항시 남구,https://job.incruit.com/jobdb_info/jobpost.asp?job=2604290004258&src=etc*search
4,상하CM(모심과돌봄),"간호사, 간호조무사 모집합니다.",인천 연수구,https://job.incruit.com/jobdb_info/jobpost.asp?job=2605040001712&src=etc*search
5,우리요양원,간호사 또는 간호조무사 추가채용,강원 강릉시,https://job.incruit.com/jobdb_info/jobpost.asp?job=2604280001380&src=etc*search
6,안양실버케어호계요양원,요양원  간호사 및 간호조무사 구인,경기 안양시 동안구,https://job.incruit.com/jobdb_info/jobpost.asp?job=2605070003853&src=etc*search
7,예수재활원,직원채용공고 (간호사 또는 간호조무사),전북 완주군,https://job.incruit.com/jobdb_info/jobpost.asp?job=2605040002983&src=etc*search
8,의료법인희연의료재단희연병원,[간호조무사] 간호·간병통합병동 3교대,경남 창원시 성산구,https://job.incruit.com/jobdb_info/jobpost.asp?job=2604280000758&src=etc*search
9,닥터정요양원,간호사 (또는 간호조무사) 모집합니다,경기 평택시,https://job.incruit.com/jobdb_info/jobpost.asp?job=2605110002304&src=etc*search
10,카리스요양원,간호조무사,경기 파주시,https://job.incruit.com/jobdb_info/jobpost.asp?job=2605040004548&src=etc*search
11,영통효요양병원,간호사 구인(D/E 병동간호사),경기 수원시 영통구,https://job.incruit.com/jobdb_info/jobpost.asp?job=2605040004348&src=etc*search
12,지올요양원,"지올요양원 간호(조무)사 채용공고 (간호사, 간호조무사)",대구 동구,https://job.incruit.com/jobdb_info/jobpost.asp?job=2605110005503&src=etc*search
13,효드림노인복지센터,간호조무사,충남 당진시,https://job.incruit.com/jobdb_info/jobpost.asp?job=2604280002532&src=etc*search
14,사회복지법인평은복지재단평안의집,노인요양시설 간호사 또는 간호조무사 채용,세종,https://job.incruit.com/jobdb_info/jobpost.asp?job=2605070003970&src=etc*search
15,춘천골든네스트요양원,간호사 추가모집(요양원 간호사),강원 춘천시,https://job.incruit.com/jobdb_info/jobpost.asp?job=2605040003487&src=etc*search
16,강병원,"[강병원]   간호사 모집( 병동 간호사 3교대)   응급실 간호사 (3교대 , )",경남 고성군,https://job.incruit.com/jobdb_info/jobpost.asp?job=2605040004028&src=etc*search
17,예가노인전문요양원,간호조무사,강원 영월군,https://job.incruit.com/jobdb_info/jobpost.asp?job=2604300003610&src=etc*search
18,사임당요양원,간호조무사,경기 포천시,https://job.incruit.com/jobdb_info/jobpost.asp?job=2605080004727&src=etc*search
19,의료법인희연의료재단희연병원,【 재활병원 간호간병통합 간호사 모집  】,경남 창원시 성산구,https://job.incruit.com/jobdb_info/jobpost.asp?job=2604290001117&src=etc*search
20,에이(A)이음재가복지센터,간호사 구인 / 방문간호*요양*목욕 시설장 모집_간호사,경기 수원시 장안구,https://job.incruit.com/jobdb_info/jobpost.asp?job=2605040000519&src=etc*search
21,평창동시니어센터,낮 근무 간호사 또는 간호조무사 채용,서울 종로구,https://job.incruit.com/jobdb_info/jobpost.asp?job=2604280001524&src=etc*search
22,효누리요양원,간호조무사,경기 고양시 일산서구,https://job.incruit.com/jobdb_info/jobpost.asp?job=2604280003885&src=etc*search
23,태황의료재단한성병원,창녕한성병원 수술실 간호사/간호조무사 구인,경남 창녕군,https://job.incruit.com/jobdb_info/jobpost.asp?job=2605070004615&src=etc*search
24,우리요양원,간호조무사,경기 부천시 원미구,https://job.incruit.com/jobdb_info/jobpost.asp?job=2605040001753&src=etc*search
25,배꽃너싱홈,간호조무사 모집,경기 시흥시,https://job.incruit.com/jobdb_info/jobpost.asp?job=2605110000810&src=etc*search
26,효심원,효심원요양원 간호사(간호조무사)모집,충북 청주시 청원구,https://job.incruit.com/jobdb_info/jobpost.asp?job=2604270003121&src=etc*search
27,행복누리산부인과,간호사 모집,강원 강릉시,https://job.incruit.com/jobdb_info/jobpost.asp?job=2604290004449&src=etc*search
28,행복누리산후조리원,간호사 모집,강원 강릉시,https://job.incruit.com/jobdb_info/jobpost.asp?job=2605060004008&src=etc*search
29,백수미소요양원,[뇌조리] 백수미소요양원 간호사/간호조무사 모집,경기 파주시,https://job.incruit.com/jobdb_info/jobpost.asp?job=2604280002731&src=etc*search
30,미소치매전담형주야간보호센터,간호조무사(또는 간호사) 구인 공고,경북 문경시,https://job.incruit.com/jobdb_info/jobpost.asp?job=2605060001631&src=etc*search
